{
  "map_ing_tipo": {
    "photo": 5.457592592592593,
    "share": 0.17551315789473687,
    "texto_solo": 1.2610169491525425,
    "video": 22.86421732399038
  },
  "map_ing_formato": {
    "Texto": 1.2610169491525425,
    "link": 0.1758179419525066,
    "photo": 5.470369685767098,
    "video": 22.78221414797605
  },
  "map_ing_cat": {
    "arte": 0.01,
    "astrologia": 0.03,
    "ciencia": 0.076,
    "clima": 0.12,
    "cultura": 4.15357987923077,
    "deportes": 4.8458064353125,
    "economia": 0.05333333333333333,
    "educacion": 1.05191078125,
    "espectaculos": 14.199235890137652,
    "estilo de vida": 8.579528813333333,
    "gastronomia": 5.7866921184,
    "historia": 3.0945716,
    "humor": 22.459009639833333,
    "medio ambiente": 0.06,
    "moda": 8.77323176857143,
    "motivacional": 3.5394037183870966,
    "musica": 2.911717002605042,
    "narrativo": 12.30018805,
    "negocios": 0.17524612625,
    "noticias": 3.5329494336000002,
    "opinion": 0.023333333333333334,
    "politica": 3.51,
    "psicologia": 0.07285714285714286,
    "religion": 3.0190977012499998,
    "romance": 12.923947920000002,
    "salud y bienestar": 3.0357134742307696,
    "sociedad": 4.865806427741936,
    "tecnologia": 0.115,
    "viajes": 1.3280005933333332,
    "videojuegos": 0.3350066975
  },
  "map_ing_radio": {
    "Radio La Inolvidable": 6.584298126834171,
    "Radio Magica": 0.8580741233823529,
    "Radio Moda": 5.1874802428086415,
    "Radio Nueva Q": 6.014024217798743,
    "Radio Planeta": 12.384096932584269,
    "Radio Ritmo Romantica": 21.142713270945624,
    "Radiomar": 10.800982725803815
  },
  "map_posts_radio": {
    "Radio La Inolvidable": 3.826923076923077,
    "Radio Magica": 2.6153846153846154,
    "Radio Moda": 6.230769230769231,
    "Radio Nueva Q": 9.173076923076923,
    "Radio Planeta": 5.134615384615385,
    "Radio Ritmo Romantica": 8.134615384615385,
    "Radiomar": 7.0576923076923075
  },
  "map_varianza": {
    "Radio La Inolvidable": 31.60174188382887,
    "Radio Magica": 3.1827933909304025,
    "Radio Moda": 11.152942613334972,
    "Radio Nueva Q": 11.684806915899511,
    "Radio Planeta": 69.42109074401378,
    "Radio Ritmo Romantica": 62.114365653297924,
    "Radiomar": 26.177139107536163
  },
  "IC_POR_RADIO": {
    "La Inolvidable": {
      "ic_conformal": 29.518268392448423,
      "ic_honesto": 7.800380614005336
    },
    "Magica": {
      "ic_conformal": 1.7156271111061099,
      "ic_honesto": 1.5155816959542665
    },
    "Moda": {
      "ic_conformal": 12.905986460813992,
      "ic_honesto": 8.682928982721759
    },
    "Nueva Q": {
      "ic_conformal": 13.844977556413196,
      "ic_honesto": 15.55584118194617
    },
    "Planeta": {
      "ic_conformal": 6.7197700559122495,
      "ic_honesto": 9.826067300895158
    },
    "Ritmo Romantica": {
      "ic_conformal": 50.5302030575548,
      "ic_honesto": 34.762305846887514
    },
    "mar": {
      "ic_conformal": 17.984686400681497,
      "ic_honesto": 19.018766339194027
    }
  }
}