{
  "map_ing_tipo": {
    "desconocido": 0.0,
    "photo": 5.413974358974359,
    "share": 0.17128440366972478,
    "texto_solo": 1.2892452830188679,
    "video": 23.284450114323672
  },
  "map_ing_formato": {
    "Texto": 1.2892452830188679,
    "link": 0.17157687253613665,
    "photo": 5.416788321167884,
    "video": 23.200535131961495
  },
  "map_ing_cat": {
    "arte": 0.01,
    "astrologia": 0.03,
    "ciencia": 0.06333333333333334,
    "clima": 0.12,
    "cultura": 2.9618547489999996,
    "deportes": 5.490568053448277,
    "economia": 0.05333333333333334,
    "educacion": 1.1220381666666666,
    "espectaculos": 11.94720196,
    "espectáculos": 15.085130322094663,
    "estilo de vida": 8.732734685,
    "gastronomia": 5.3569176512,
    "historia": 3.0945716,
    "humor": 22.839669006271187,
    "medio ambiente": 0.06,
    "moda": 9.448088828461538,
    "motivacional": 3.47883803,
    "musica": 2.8549897504801667,
    "narrativo": 12.30018805,
    "negocios": 0.44938148631578945,
    "no aplica": 0.0,
    "noticias": 3.397066763076923,
    "opinión": 0.023333333333333334,
    "política": 3.51,
    "psicologia": 0.08166666666666667,
    "religion": 2.683642401111111,
    "romance": 12.923947920000002,
    "salud y bienestar": 2.923279641851852,
    "sociedad": 5.022666642,
    "tecnologia": 0.09000000000000001,
    "viajes": 1.3280005933333332,
    "videojuegos": 0.3350066975
  },
  "map_ing_radio": {
    "Radio La Inolvidable": 6.584298126834171,
    "Radio Moda": 5.705085975771605,
    "Radio Mágica": 1.5112837675735293,
    "Radio Nueva Q": 6.014265542767295,
    "Radio Planeta": 12.384096932584269,
    "Radio Ritmo Romántica": 21.142713270945624,
    "Radiomar": 10.800982725803815
  },
  "map_posts_radio": {
    "Radio La Inolvidable": 3.826923076923077,
    "Radio Moda": 6.230769230769231,
    "Radio Mágica": 2.6153846153846154,
    "Radio Nueva Q": 9.173076923076923,
    "Radio Planeta": 5.134615384615385,
    "Radio Ritmo Romántica": 8.134615384615385,
    "Radiomar": 7.0576923076923075
  },
  "map_varianza": {
    "Radio La Inolvidable": 31.60174188382887,
    "Radio Moda": 14.817302830665895,
    "Radio Mágica": 10.284357423393512,
    "Radio Nueva Q": 11.684682800602056,
    "Radio Planeta": 69.42109074401378,
    "Radio Ritmo Romántica": 62.114365653297924,
    "Radiomar": 26.177139107536163
  },
  "IC_POR_RADIO": {
    "La Inolvidable": {
      "ic_conformal": 28.97200924003491,
      "ic_honesto": 8.817583999997858
    },
    "Moda": {
      "ic_conformal": 12.009386575873426,
      "ic_honesto": 6.775861336517626
    },
    "Mágica": {
      "ic_conformal": 0.23868225982660501,
      "ic_honesto": 2.042511471775531
    },
    "Nueva Q": {
      "ic_conformal": 18.531253701611792,
      "ic_honesto": 17.831004556916533
    },
    "Planeta": {
      "ic_conformal": 11.134741767616415,
      "ic_honesto": 10.353987077716098
    },
    "Ritmo Romántica": {
      "ic_conformal": 53.00493356207731,
      "ic_honesto": 35.59180549662102
    },
    "mar": {
      "ic_conformal": 18.871720577351763,
      "ic_honesto": 20.677578326008813
    }
  }
}